project_name,stage_group,processing_step,step_runtime_seconds,stage_total_runtime_seconds,project_total_runtime_seconds,percentage_of_stage,percentage_of_project
commons-utils-dev,Stage 1 + 2,ADD_DEPENDENCIES,0.04,81.56,12172.02,0.05,0.0
commons-utils-dev,Stage 1 + 2,ANALYZE_TESTS,1.17,81.56,12172.02,1.44,0.01
commons-utils-dev,Stage 1 + 2,BUILD_PROJECT_ORIGINAL,3.54,81.56,12172.02,4.33,0.03
commons-utils-dev,Stage 1 + 2,BUILD_SPOON_MODEL,2.22,81.56,12172.02,2.72,0.02
commons-utils-dev,Stage 1 + 2,COLLECT_JACOCO_DATA_ORIGINAL,1.6,81.56,12172.02,1.96,0.01
commons-utils-dev,Stage 1 + 2,COLLECT_JUNIT_REPORTS_ORIGINAL,6.22,81.56,12172.02,7.63,0.05
commons-utils-dev,Stage 1 + 2,EXECUTE_TESTS_ORIGINAL,61.26,81.56,12172.02,75.11,0.5
commons-utils-dev,Stage 1 + 2,FILTER_ASSERTIONS,1.9,81.56,12172.02,2.33,0.02
commons-utils-dev,Stage 1 + 2,FILTER_TESTS,0.45,81.56,12172.02,0.56,0.0
commons-utils-dev,Stage 1 + 2,FILTER_TESTS_ORIGINAL,1.22,81.56,12172.02,1.5,0.01
commons-utils-dev,Stage 1 + 2,SETUP_PROJECT,1.94,81.56,12172.02,2.38,0.02
commons-utils-dev,Stage 3,ADD_JPF_INSTRUMENTATION,5.71,119.42,12172.02,4.78,0.05
commons-utils-dev,Stage 3,ANALYZE_JPF,7.49,119.42,12172.02,6.27,0.06
commons-utils-dev,Stage 3,BUILD_PROJECT_INITIAL,4.64,119.42,12172.02,3.88,0.04
commons-utils-dev,Stage 3,BUILD_PROJECT_INSTRUMENTED,6.76,119.42,12172.02,5.66,0.06
commons-utils-dev,Stage 3,CLEANUP_JPF_INSTRUMENTATION,0.1,119.42,12172.02,0.08,0.0
commons-utils-dev,Stage 3,COLLECT_JUNIT_REPORTS_INITIAL,0.51,119.42,12172.02,0.43,0.0
commons-utils-dev,Stage 3,EXECUTE_JPF,39.71,119.42,12172.02,33.25,0.33
commons-utils-dev,Stage 3,EXECUTE_TESTS_INITIAL,54.52,119.42,12172.02,45.65,0.45
commons-utils-dev,Stage 4,BUILD_PROJECT_GENERALIZED,61.42,5351.37,12172.02,1.15,0.5
commons-utils-dev,Stage 4,CLEANUP_GENERALIZATION,0.45,5351.37,12172.02,0.01,0.0
commons-utils-dev,Stage 4,COLLECT_JUNIT_REPORTS_GENERALIZED,9.74,5351.37,12172.02,0.18,0.08
commons-utils-dev,Stage 4,EXECUTE_TESTS_GENERALIZED,5106.14,5351.37,12172.02,95.42,41.95
commons-utils-dev,Stage 4,FILTER_GENERALIZATIONS,3.96,5351.37,12172.02,0.07,0.03
commons-utils-dev,Stage 4,GENERALIZE_TESTS,169.66,5351.37,12172.02,3.17,1.39
commons-utils-dev,Stage 5,COLLECT_JACOCO_DATA_GENERALIZED,15.97,6619.67,12172.02,0.24,0.13
commons-utils-dev,Stage 5,COLLECT_JACOCO_DATA_INITIAL,1.62,6619.67,12172.02,0.02,0.01
commons-utils-dev,Stage 5,COLLECT_PIT_DATA_GENERALIZED,5380.38,6619.67,12172.02,81.28,44.2
commons-utils-dev,Stage 5,COLLECT_PIT_DATA_INITIAL,590.97,6619.67,12172.02,8.93,4.86
commons-utils-dev,Stage 5,COLLECT_PIT_DATA_ORIGINAL,630.73,6619.67,12172.02,9.53,5.18
commons-utils-es-60s,Stage 1 + 2,ADD_DEPENDENCIES,0.04,130.9,32583.3,0.03,0.0
commons-utils-es-60s,Stage 1 + 2,ANALYZE_TESTS,2.37,130.9,32583.3,1.81,0.01
commons-utils-es-60s,Stage 1 + 2,BUILD_PROJECT_ORIGINAL,4.49,130.9,32583.3,3.43,0.01
commons-utils-es-60s,Stage 1 + 2,BUILD_SPOON_MODEL,2.99,130.9,32583.3,2.29,0.01
commons-utils-es-60s,Stage 1 + 2,COLLECT_JACOCO_DATA_ORIGINAL,1.85,130.9,32583.3,1.42,0.01
commons-utils-es-60s,Stage 1 + 2,COLLECT_JUNIT_REPORTS_ORIGINAL,5.57,130.9,32583.3,4.26,0.02
commons-utils-es-60s,Stage 1 + 2,EXECUTE_TESTS_ORIGINAL,102.27,130.9,32583.3,78.13,0.31
commons-utils-es-60s,Stage 1 + 2,FILTER_ASSERTIONS,4.6,130.9,32583.3,3.52,0.01
commons-utils-es-60s,Stage 1 + 2,FILTER_TESTS,1.9,130.9,32583.3,1.45,0.01
commons-utils-es-60s,Stage 1 + 2,FILTER_TESTS_ORIGINAL,3.04,130.9,32583.3,2.32,0.01
commons-utils-es-60s,Stage 1 + 2,SETUP_PROJECT,1.76,130.9,32583.3,1.35,0.01
commons-utils-es-60s,Stage 3,ADD_JPF_INSTRUMENTATION,10.71,693.77,32583.3,1.54,0.03
commons-utils-es-60s,Stage 3,ANALYZE_JPF,38.99,693.77,32583.3,5.62,0.12
commons-utils-es-60s,Stage 3,BUILD_PROJECT_INITIAL,4.89,693.77,32583.3,0.7,0.01
commons-utils-es-60s,Stage 3,BUILD_PROJECT_INSTRUMENTED,5.34,693.77,32583.3,0.77,0.02
commons-utils-es-60s,Stage 3,CLEANUP_JPF_INSTRUMENTATION,0.48,693.77,32583.3,0.07,0.0
commons-utils-es-60s,Stage 3,COLLECT_JUNIT_REPORTS_INITIAL,2.24,693.77,32583.3,0.32,0.01
commons-utils-es-60s,Stage 3,EXECUTE_JPF,544.51,693.77,32583.3,78.48,1.67
commons-utils-es-60s,Stage 3,EXECUTE_TESTS_INITIAL,86.6,693.77,32583.3,12.48,0.27
commons-utils-es-60s,Stage 4,BUILD_PROJECT_GENERALIZED,108.16,16284.53,32583.3,0.66,0.33
commons-utils-es-60s,Stage 4,CLEANUP_GENERALIZATION,1.04,16284.53,32583.3,0.01,0.0
commons-utils-es-60s,Stage 4,COLLECT_JUNIT_REPORTS_GENERALIZED,41.98,16284.53,32583.3,0.26,0.13
commons-utils-es-60s,Stage 4,EXECUTE_TESTS_GENERALIZED,15580.7,16284.53,32583.3,95.68,47.82
commons-utils-es-60s,Stage 4,FILTER_GENERALIZATIONS,26.55,16284.53,32583.3,0.16,0.08
commons-utils-es-60s,Stage 4,GENERALIZE_TESTS,526.1,16284.53,32583.3,3.23,1.61
commons-utils-es-60s,Stage 5,COLLECT_JACOCO_DATA_GENERALIZED,17.86,15474.1,32583.3,0.12,0.05
commons-utils-es-60s,Stage 5,COLLECT_JACOCO_DATA_INITIAL,1.82,15474.1,32583.3,0.01,0.01
commons-utils-es-60s,Stage 5,COLLECT_PIT_DATA_GENERALIZED,14005.41,15474.1,32583.3,90.51,42.98
commons-utils-es-60s,Stage 5,COLLECT_PIT_DATA_INITIAL,716.0,15474.1,32583.3,4.63,2.2
commons-utils-es-60s,Stage 5,COLLECT_PIT_DATA_ORIGINAL,733.0,15474.1,32583.3,4.74,2.25
commons-utils-es-1s,Stage 1 + 2,ADD_DEPENDENCIES,0.03,96.88,29562.36,0.03,0.0
commons-utils-es-1s,Stage 1 + 2,ANALYZE_TESTS,1.89,96.88,29562.36,1.95,0.01
commons-utils-es-1s,Stage 1 + 2,BUILD_PROJECT_ORIGINAL,2.99,96.88,29562.36,3.08,0.01
commons-utils-es-1s,Stage 1 + 2,BUILD_SPOON_MODEL,2.44,96.88,29562.36,2.52,0.01
commons-utils-es-1s,Stage 1 + 2,COLLECT_JACOCO_DATA_ORIGINAL,1.54,96.88,29562.36,1.59,0.01
commons-utils-es-1s,Stage 1 + 2,COLLECT_JUNIT_REPORTS_ORIGINAL,4.7,96.88,29562.36,4.85,0.02
commons-utils-es-1s,Stage 1 + 2,EXECUTE_TESTS_ORIGINAL,74.86,96.88,29562.36,77.26,0.25
commons-utils-es-1s,Stage 1 + 2,FILTER_ASSERTIONS,3.73,96.88,29562.36,3.85,0.01
commons-utils-es-1s,Stage 1 + 2,FILTER_TESTS,1.45,96.88,29562.36,1.5,0.0
commons-utils-es-1s,Stage 1 + 2,FILTER_TESTS_ORIGINAL,1.81,96.88,29562.36,1.87,0.01
commons-utils-es-1s,Stage 1 + 2,SETUP_PROJECT,1.44,96.88,29562.36,1.49,0.0
commons-utils-es-1s,Stage 3,ADD_JPF_INSTRUMENTATION,6.12,284.62,29562.36,2.15,0.02
commons-utils-es-1s,Stage 3,ANALYZE_JPF,22.2,284.62,29562.36,7.8,0.08
commons-utils-es-1s,Stage 3,BUILD_PROJECT_INITIAL,3.56,284.62,29562.36,1.25,0.01
commons-utils-es-1s,Stage 3,BUILD_PROJECT_INSTRUMENTED,4.31,284.62,29562.36,1.51,0.01
commons-utils-es-1s,Stage 3,CLEANUP_JPF_INSTRUMENTATION,0.27,284.62,29562.36,0.1,0.0
commons-utils-es-1s,Stage 3,COLLECT_JUNIT_REPORTS_INITIAL,1.65,284.62,29562.36,0.58,0.01
commons-utils-es-1s,Stage 3,EXECUTE_JPF,180.28,284.62,29562.36,63.34,0.61
commons-utils-es-1s,Stage 3,EXECUTE_TESTS_INITIAL,66.22,284.62,29562.36,23.27,0.22
commons-utils-es-1s,Stage 4,BUILD_PROJECT_GENERALIZED,91.59,12273.5,29562.36,0.75,0.31
commons-utils-es-1s,Stage 4,CLEANUP_GENERALIZATION,0.91,12273.5,29562.36,0.01,0.0
commons-utils-es-1s,Stage 4,COLLECT_JUNIT_REPORTS_GENERALIZED,41.08,12273.5,29562.36,0.33,0.14
commons-utils-es-1s,Stage 4,EXECUTE_TESTS_GENERALIZED,11742.05,12273.5,29562.36,95.67,39.72
commons-utils-es-1s,Stage 4,FILTER_GENERALIZATIONS,23.1,12273.5,29562.36,0.19,0.08
commons-utils-es-1s,Stage 4,GENERALIZE_TESTS,374.76,12273.5,29562.36,3.05,1.27
commons-utils-es-1s,Stage 5,COLLECT_JACOCO_DATA_GENERALIZED,15.45,16907.36,29562.36,0.09,0.05
commons-utils-es-1s,Stage 5,COLLECT_JACOCO_DATA_INITIAL,1.74,16907.36,29562.36,0.01,0.01
commons-utils-es-1s,Stage 5,COLLECT_PIT_DATA_GENERALIZED,15656.87,16907.36,29562.36,92.6,52.96
commons-utils-es-1s,Stage 5,COLLECT_PIT_DATA_INITIAL,615.75,16907.36,29562.36,3.64,2.08
commons-utils-es-1s,Stage 5,COLLECT_PIT_DATA_ORIGINAL,617.56,16907.36,29562.36,3.65,2.09
eqbench-es-60s,Stage 1 + 2,ADD_DEPENDENCIES,0.04,452.74,111008.38,0.01,0.0
eqbench-es-60s,Stage 1 + 2,ANALYZE_TESTS,2.42,452.74,111008.38,0.53,0.0
eqbench-es-60s,Stage 1 + 2,BUILD_PROJECT_ORIGINAL,4.38,452.74,111008.38,0.97,0.0
eqbench-es-60s,Stage 1 + 2,BUILD_SPOON_MODEL,2.16,452.74,111008.38,0.48,0.0
eqbench-es-60s,Stage 1 + 2,COLLECT_JACOCO_DATA_ORIGINAL,2.4,452.74,111008.38,0.53,0.0
eqbench-es-60s,Stage 1 + 2,COLLECT_JUNIT_REPORTS_ORIGINAL,8.36,452.74,111008.38,1.85,0.01
eqbench-es-60s,Stage 1 + 2,EXECUTE_TESTS_ORIGINAL,411.05,452.74,111008.38,90.79,0.37
eqbench-es-60s,Stage 1 + 2,FILTER_ASSERTIONS,7.17,452.74,111008.38,1.58,0.01
eqbench-es-60s,Stage 1 + 2,FILTER_TESTS,5.76,452.74,111008.38,1.27,0.01
eqbench-es-60s,Stage 1 + 2,FILTER_TESTS_ORIGINAL,6.72,452.74,111008.38,1.49,0.01
eqbench-es-60s,Stage 1 + 2,SETUP_PROJECT,2.27,452.74,111008.38,0.5,0.0
eqbench-es-60s,Stage 3,ADD_JPF_INSTRUMENTATION,9.05,2218.46,111008.38,0.41,0.01
eqbench-es-60s,Stage 3,ANALYZE_JPF,58.24,2218.46,111008.38,2.63,0.05
eqbench-es-60s,Stage 3,BUILD_PROJECT_INITIAL,5.9,2218.46,111008.38,0.27,0.01
eqbench-es-60s,Stage 3,BUILD_PROJECT_INSTRUMENTED,8.5,2218.46,111008.38,0.38,0.01
eqbench-es-60s,Stage 3,CLEANUP_JPF_INSTRUMENTATION,0.94,2218.46,111008.38,0.04,0.0
eqbench-es-60s,Stage 3,COLLECT_JUNIT_REPORTS_INITIAL,5.34,2218.46,111008.38,0.24,0.0
eqbench-es-60s,Stage 3,EXECUTE_JPF,1741.88,2218.46,111008.38,78.52,1.57
eqbench-es-60s,Stage 3,EXECUTE_TESTS_INITIAL,388.61,2218.46,111008.38,17.52,0.35
eqbench-es-60s,Stage 4,BUILD_PROJECT_GENERALIZED,248.85,39777.97,111008.38,0.63,0.22
eqbench-es-60s,Stage 4,CLEANUP_GENERALIZATION,2.24,39777.97,111008.38,0.01,0.0
eqbench-es-60s,Stage 4,COLLECT_JUNIT_REPORTS_GENERALIZED,100.37,39777.97,111008.38,0.25,0.09
eqbench-es-60s,Stage 4,EXECUTE_TESTS_GENERALIZED,38311.38,39777.97,111008.38,96.31,34.51
eqbench-es-60s,Stage 4,FILTER_GENERALIZATIONS,125.34,39777.97,111008.38,0.32,0.11
eqbench-es-60s,Stage 4,GENERALIZE_TESTS,989.81,39777.97,111008.38,2.49,0.89
eqbench-es-60s,Stage 5,COLLECT_JACOCO_DATA_GENERALIZED,24.77,68559.2,111008.38,0.04,0.02
eqbench-es-60s,Stage 5,COLLECT_JACOCO_DATA_INITIAL,2.12,68559.2,111008.38,0.0,0.0
eqbench-es-60s,Stage 5,COLLECT_PIT_DATA_GENERALIZED,61612.77,68559.2,111008.38,89.87,55.5
eqbench-es-60s,Stage 5,COLLECT_PIT_DATA_INITIAL,3450.42,68559.2,111008.38,5.03,3.11
eqbench-es-60s,Stage 5,COLLECT_PIT_DATA_ORIGINAL,3469.1,68559.2,111008.38,5.06,3.13
eqbench-es-1s,Stage 1 + 2,ADD_DEPENDENCIES,0.04,430.67,89015.51,0.01,0.0
eqbench-es-1s,Stage 1 + 2,ANALYZE_TESTS,2.44,430.67,89015.51,0.57,0.0
eqbench-es-1s,Stage 1 + 2,BUILD_PROJECT_ORIGINAL,4.44,430.67,89015.51,1.03,0.0
eqbench-es-1s,Stage 1 + 2,BUILD_SPOON_MODEL,2.2,430.67,89015.51,0.51,0.0
eqbench-es-1s,Stage 1 + 2,COLLECT_JACOCO_DATA_ORIGINAL,2.3,430.67,89015.51,0.53,0.0
eqbench-es-1s,Stage 1 + 2,COLLECT_JUNIT_REPORTS_ORIGINAL,6.78,430.67,89015.51,1.57,0.01
eqbench-es-1s,Stage 1 + 2,EXECUTE_TESTS_ORIGINAL,395.69,430.67,89015.51,91.88,0.44
eqbench-es-1s,Stage 1 + 2,FILTER_ASSERTIONS,5.62,430.67,89015.51,1.31,0.01
eqbench-es-1s,Stage 1 + 2,FILTER_TESTS,4.65,430.67,89015.51,1.08,0.01
eqbench-es-1s,Stage 1 + 2,FILTER_TESTS_ORIGINAL,4.82,430.67,89015.51,1.12,0.01
eqbench-es-1s,Stage 1 + 2,SETUP_PROJECT,1.69,430.67,89015.51,0.39,0.0
eqbench-es-1s,Stage 3,ADD_JPF_INSTRUMENTATION,8.68,692.82,89015.51,1.25,0.01
eqbench-es-1s,Stage 3,ANALYZE_JPF,46.99,692.82,89015.51,6.78,0.05
eqbench-es-1s,Stage 3,BUILD_PROJECT_INITIAL,5.19,692.82,89015.51,0.75,0.01
eqbench-es-1s,Stage 3,BUILD_PROJECT_INSTRUMENTED,8.54,692.82,89015.51,1.23,0.01
eqbench-es-1s,Stage 3,CLEANUP_JPF_INSTRUMENTATION,0.88,692.82,89015.51,0.13,0.0
eqbench-es-1s,Stage 3,COLLECT_JUNIT_REPORTS_INITIAL,5.85,692.82,89015.51,0.84,0.01
eqbench-es-1s,Stage 3,EXECUTE_JPF,242.64,692.82,89015.51,35.02,0.27
eqbench-es-1s,Stage 3,EXECUTE_TESTS_INITIAL,374.05,692.82,89015.51,53.99,0.42
eqbench-es-1s,Stage 4,BUILD_PROJECT_GENERALIZED,237.56,34934.74,89015.51,0.68,0.27
eqbench-es-1s,Stage 4,CLEANUP_GENERALIZATION,1.93,34934.74,89015.51,0.01,0.0
eqbench-es-1s,Stage 4,COLLECT_JUNIT_REPORTS_GENERALIZED,74.02,34934.74,89015.51,0.21,0.08
eqbench-es-1s,Stage 4,EXECUTE_TESTS_GENERALIZED,33646.18,34934.74,89015.51,96.31,37.8
eqbench-es-1s,Stage 4,FILTER_GENERALIZATIONS,112.7,34934.74,89015.51,0.32,0.13
eqbench-es-1s,Stage 4,GENERALIZE_TESTS,862.34,34934.74,89015.51,2.47,0.97
eqbench-es-1s,Stage 5,COLLECT_JACOCO_DATA_GENERALIZED,21.01,52957.28,89015.51,0.04,0.02
eqbench-es-1s,Stage 5,COLLECT_JACOCO_DATA_INITIAL,2.21,52957.28,89015.51,0.0,0.0
eqbench-es-1s,Stage 5,COLLECT_PIT_DATA_GENERALIZED,46575.81,52957.28,89015.51,87.95,52.32
eqbench-es-1s,Stage 5,COLLECT_PIT_DATA_INITIAL,3188.53,52957.28,89015.51,6.02,3.58
eqbench-es-1s,Stage 5,COLLECT_PIT_DATA_ORIGINAL,3169.71,52957.28,89015.51,5.99,3.56
eqbench-es-10s,Stage 1 + 2,ADD_DEPENDENCIES,0.04,414.62,101623.88,0.01,0.0
eqbench-es-10s,Stage 1 + 2,ANALYZE_TESTS,2.36,414.62,101623.88,0.57,0.0
eqbench-es-10s,Stage 1 + 2,BUILD_PROJECT_ORIGINAL,6.88,414.62,101623.88,1.66,0.01
eqbench-es-10s,Stage 1 + 2,BUILD_SPOON_MODEL,3.96,414.62,101623.88,0.96,0.0
eqbench-es-10s,Stage 1 + 2,COLLECT_JACOCO_DATA_ORIGINAL,2.25,414.62,101623.88,0.54,0.0
eqbench-es-10s,Stage 1 + 2,COLLECT_JUNIT_REPORTS_ORIGINAL,7.23,414.62,101623.88,1.74,0.01
eqbench-es-10s,Stage 1 + 2,EXECUTE_TESTS_ORIGINAL,372.41,414.62,101623.88,89.82,0.37
eqbench-es-10s,Stage 1 + 2,FILTER_ASSERTIONS,6.4,414.62,101623.88,1.54,0.01
eqbench-es-10s,Stage 1 + 2,FILTER_TESTS,4.97,414.62,101623.88,1.2,0.0
eqbench-es-10s,Stage 1 + 2,FILTER_TESTS_ORIGINAL,5.44,414.62,101623.88,1.31,0.01
eqbench-es-10s,Stage 1 + 2,SETUP_PROJECT,2.68,414.62,101623.88,0.65,0.0
eqbench-es-10s,Stage 3,ADD_JPF_INSTRUMENTATION,8.15,3449.46,101623.88,0.24,0.01
eqbench-es-10s,Stage 3,ANALYZE_JPF,62.01,3449.46,101623.88,1.8,0.06
eqbench-es-10s,Stage 3,BUILD_PROJECT_INITIAL,7.05,3449.46,101623.88,0.2,0.01
eqbench-es-10s,Stage 3,BUILD_PROJECT_INSTRUMENTED,9.89,3449.46,101623.88,0.29,0.01
eqbench-es-10s,Stage 3,CLEANUP_JPF_INSTRUMENTATION,0.95,3449.46,101623.88,0.03,0.0
eqbench-es-10s,Stage 3,COLLECT_JUNIT_REPORTS_INITIAL,5.6,3449.46,101623.88,0.16,0.01
eqbench-es-10s,Stage 3,EXECUTE_JPF,2695.1,3449.46,101623.88,78.13,2.65
eqbench-es-10s,Stage 3,EXECUTE_TESTS_INITIAL,660.7,3449.46,101623.88,19.15,0.65
eqbench-es-10s,Stage 4,BUILD_PROJECT_GENERALIZED,252.01,35558.84,101623.88,0.71,0.25
eqbench-es-10s,Stage 4,CLEANUP_GENERALIZATION,2.22,35558.84,101623.88,0.01,0.0
eqbench-es-10s,Stage 4,COLLECT_JUNIT_REPORTS_GENERALIZED,52.54,35558.84,101623.88,0.15,0.05
eqbench-es-10s,Stage 4,EXECUTE_TESTS_GENERALIZED,34195.79,35558.84,101623.88,96.17,33.65
eqbench-es-10s,Stage 4,FILTER_GENERALIZATIONS,113.28,35558.84,101623.88,0.32,0.11
eqbench-es-10s,Stage 4,GENERALIZE_TESTS,943.0,35558.84,101623.88,2.65,0.93
eqbench-es-10s,Stage 5,COLLECT_JACOCO_DATA_GENERALIZED,22.16,62200.96,101623.88,0.04,0.02
eqbench-es-10s,Stage 5,COLLECT_JACOCO_DATA_INITIAL,2.71,62200.96,101623.88,0.0,0.0
eqbench-es-10s,Stage 5,COLLECT_PIT_DATA_GENERALIZED,55318.25,62200.96,101623.88,88.93,54.43
eqbench-es-10s,Stage 5,COLLECT_PIT_DATA_INITIAL,3455.45,62200.96,101623.88,5.56,3.4
eqbench-es-10s,Stage 5,COLLECT_PIT_DATA_ORIGINAL,3402.4,62200.96,101623.88,5.47,3.35
commons-utils-es-10s,Stage 1 + 2,ADD_DEPENDENCIES,0.04,169.9,35114.68,0.02,0.0
commons-utils-es-10s,Stage 1 + 2,ANALYZE_TESTS,4.43,169.9,35114.68,2.61,0.01
commons-utils-es-10s,Stage 1 + 2,BUILD_PROJECT_ORIGINAL,3.4,169.9,35114.68,2.0,0.01
commons-utils-es-10s,Stage 1 + 2,BUILD_SPOON_MODEL,2.73,169.9,35114.68,1.61,0.01
commons-utils-es-10s,Stage 1 + 2,COLLECT_JACOCO_DATA_ORIGINAL,2.13,169.9,35114.68,1.25,0.01
commons-utils-es-10s,Stage 1 + 2,COLLECT_JUNIT_REPORTS_ORIGINAL,9.7,169.9,35114.68,5.71,0.03
commons-utils-es-10s,Stage 1 + 2,EXECUTE_TESTS_ORIGINAL,131.44,169.9,35114.68,77.36,0.37
commons-utils-es-10s,Stage 1 + 2,FILTER_ASSERTIONS,6.78,169.9,35114.68,3.99,0.02
commons-utils-es-10s,Stage 1 + 2,FILTER_TESTS,3.32,169.9,35114.68,1.96,0.01
commons-utils-es-10s,Stage 1 + 2,FILTER_TESTS_ORIGINAL,3.93,169.9,35114.68,2.31,0.01
commons-utils-es-10s,Stage 1 + 2,SETUP_PROJECT,1.99,169.9,35114.68,1.17,0.01
commons-utils-es-10s,Stage 3,ADD_JPF_INSTRUMENTATION,10.98,1877.51,35114.68,0.58,0.03
commons-utils-es-10s,Stage 3,ANALYZE_JPF,38.71,1877.51,35114.68,2.06,0.11
commons-utils-es-10s,Stage 3,BUILD_PROJECT_INITIAL,5.42,1877.51,35114.68,0.29,0.02
commons-utils-es-10s,Stage 3,BUILD_PROJECT_INSTRUMENTED,8.75,1877.51,35114.68,0.47,0.02
commons-utils-es-10s,Stage 3,CLEANUP_JPF_INSTRUMENTATION,0.4,1877.51,35114.68,0.02,0.0
commons-utils-es-10s,Stage 3,COLLECT_JUNIT_REPORTS_INITIAL,5.18,1877.51,35114.68,0.28,0.01
commons-utils-es-10s,Stage 3,EXECUTE_JPF,1698.33,1877.51,35114.68,90.46,4.84
commons-utils-es-10s,Stage 3,EXECUTE_TESTS_INITIAL,109.73,1877.51,35114.68,5.84,0.31
commons-utils-es-10s,Stage 4,BUILD_PROJECT_GENERALIZED,113.57,16787.9,35114.68,0.68,0.32
commons-utils-es-10s,Stage 4,CLEANUP_GENERALIZATION,0.93,16787.9,35114.68,0.01,0.0
commons-utils-es-10s,Stage 4,COLLECT_JUNIT_REPORTS_GENERALIZED,41.97,16787.9,35114.68,0.25,0.12
commons-utils-es-10s,Stage 4,EXECUTE_TESTS_GENERALIZED,16139.7,16787.9,35114.68,96.14,45.96
commons-utils-es-10s,Stage 4,FILTER_GENERALIZATIONS,33.79,16787.9,35114.68,0.2,0.1
commons-utils-es-10s,Stage 4,GENERALIZE_TESTS,457.95,16787.9,35114.68,2.73,1.3
commons-utils-es-10s,Stage 5,COLLECT_JACOCO_DATA_GENERALIZED,19.17,16279.37,35114.68,0.12,0.05
commons-utils-es-10s,Stage 5,COLLECT_JACOCO_DATA_INITIAL,2.26,16279.37,35114.68,0.01,0.01
commons-utils-es-10s,Stage 5,COLLECT_PIT_DATA_GENERALIZED,14631.7,16279.37,35114.68,89.88,41.67
commons-utils-es-10s,Stage 5,COLLECT_PIT_DATA_INITIAL,816.81,16279.37,35114.68,5.02,2.33
commons-utils-es-10s,Stage 5,COLLECT_PIT_DATA_ORIGINAL,809.43,16279.37,35114.68,4.97,2.31
